X,Y,Theta
[ 0.0044518],[  3.14120814e-08],[ -2.32431967e-35],[ 0.]
[ 0.01170493],[  8.25903376e-08],[ -9.66403293e-35],[ 0.]
[ 0.02155186],[  1.52070608e-07],[  3.78556201e-34],[ 0.]
[ 0.03378509],[  2.38388738e-07],[ -2.00251340e-34],[ 0.]
[ 0.04819713],[  3.40080562e-07],[ -5.73723528e-34],[ 0.]
[ 0.06458047],[  4.55681912e-07],[  4.07778990e-34],[ 0.]
[ 0.0827276],[  5.83728636e-07],[  4.81035798e-34],[ 0.]
[ 0.10243101],[  7.22756565e-07],[ -1.51547083e-33],[ 0.]
[ 0.1234832],[  8.71301539e-07],[  1.17996123e-33],[ 0.]
[ 0.14567667],[  1.02789941e-06],[  1.68194434e-33],[ 0.]
[ 0.16880392],[  1.19108600e-06],[  1.91041342e-33],[ 0.]
[ 0.19265743],[  1.35939717e-06],[ -1.93862528e-33],[ 0.]
[ 0.2170297],[  1.53136874e-06],[ -1.78219050e-33],[ 0.]
[ 0.24171323],[  1.70553654e-06],[ -1.86320557e-33],[ 0.]
[ 0.26650052],[  1.88043644e-06],[ -2.90427038e-33],[ 0.]
[ 0.29118405],[  2.05460424e-06],[  3.17773739e-33],[ 0.]
[ 0.31555632],[  2.22657581e-06],[  3.33417218e-33],[ 0.]
[ 0.33940983],[  2.39488698e-06],[  5.64810930e-33],[ 0.]
[ 0.36253708],[  2.55807357e-06],[ -2.86350424e-34],[ 0.]
[ 0.38473055],[  2.71467146e-06],[ -5.50827249e-33],[ 0.]
[ 0.40578275],[  2.86321645e-06],[  7.07647599e-34],[ 0.]
[ 0.42548616],[  3.00224439e-06],[ -8.49835396e-34],[ 0.]
[ 0.44363329],[  3.13029114e-06],[  5.82546788e-33],[ 0.]
[ 0.46001663],[  3.24589250e-06],[ -1.99852848e-33],[ 0.]
[ 0.47442867],[  3.34758434e-06],[  5.77083091e-33],[ 0.]
[ 0.48666191],[  3.43390249e-06],[ -5.92449153e-33],[ 0.]
[ 0.49650885],[  3.50338278e-06],[  3.57369091e-33],[ 0.]
[ 0.50376197],[  3.55456106e-06],[  1.84768904e-33],[ 0.]
[ 0.50821378],[  3.58597317e-06],[ -2.57941076e-33],[ 0.]
[ 0.50965677],[  3.59615494e-06],[  5.75804153e-34],[ 0.]
[ 0.50788343],[  3.58364221e-06],[ -3.93527297e-33],[ 0.]
[ 0.50754995],[-0.00133377],[ -1.44444746e-34],[ 0.]
[ 0.50723105],[-0.00261269],[  1.73333695e-33],[ 0.]
[ 0.50692563],[-0.0038375],[ -3.94815639e-33],[ 0.]
[ 0.50663263],[-0.00501255],[ -3.85185989e-34],[ 0.]
[ 0.50635095],[-0.00614214],[ -3.27408091e-33],[ 0.]
[ 0.50607954],[-0.00723061],[  5.77778983e-33],[ 0.]
[ 0.50581729],[-0.0082823],[ -4.81482486e-33],[ 0.]
[ 0.50556314],[-0.00930152],[ -2.69630192e-33],[ 0.]
[ 0.50531601],[-0.01029261],[ -6.16297582e-33],[ 0.]
[ 0.50507481],[-0.01125989],[  3.08148791e-33],[ 0.]
[ 0.50483847],[-0.0122077],[ -4.23704588e-33],[ 0.]
[ 0.5046059],[-0.01314036],[  1.92592994e-33],[ 0.]
[ 0.50437604],[-0.01406219],[  3.85185989e-33],[ 0.]
[ 0.50414779],[-0.01497753],[ -3.08148791e-33],[ 0.]
[ 0.50392008],[-0.01589071],[ -1.54074396e-33],[ 0.]
[ 0.50369184],[-0.01680606],[  3.85185989e-33],[ 0.]
[ 0.50346197],[-0.01772789],[  6.16297582e-33],[ 0.]
[ 0.50322941],[-0.01866055],[ 0.],[ 0.]
[ 0.50299306],[-0.01960836],[  5.39260384e-33],[ 0.]
[ 0.50275187],[-0.02057564],[  2.31111593e-33],[ 0.]
[ 0.50250473],[-0.02156673],[ -1.54074396e-33],[ 0.]
[ 0.50225058],[-0.02258595],[ -1.54074396e-33],[ 0.]
[ 0.50198834],[-0.02363764],[ 0.],[ 0.]
[ 0.50171692],[-0.02472611],[ -3.85185989e-33],[ 0.]
[ 0.50143525],[-0.0258557],[  3.85185989e-33],[ 0.]
[ 0.50114224],[-0.02703075],[ -4.62223187e-33],[ 0.]
[ 0.50083683],[-0.02825556],[ 0.],[ 0.]
[ 0.50051792],[-0.02953448],[ -7.70371978e-34],[ 0.]
[ 0.50018444],[-0.03087183],[ 0.],[ 0.]
[ 0.49983532],[-0.03227194],[ -1.54074396e-33],[ 0.]
[ 0.49946946],[-0.03373914],[ -7.70371978e-34],[ 0.]
[ 0.4984792],[-0.03484622],[  4.62223187e-33],[ 0.]
[ 0.49746264],[-0.03598269],[  4.62223187e-33],[ 0.]
[ 0.49642174],[-0.03714638],[  3.08148791e-33],[ 0.]
[ 0.49535844],[-0.03833511],[ -6.16297582e-33],[ 0.]
[ 0.49427469],[-0.03954669],[  4.62223187e-33],[ 0.]
[ 0.49317244],[-0.04077897],[  3.08148791e-33],[ 0.]
[ 0.49205363],[-0.04202975],[ -4.62223187e-33],[ 0.]
[ 0.49092022],[-0.04329686],[ -4.62223187e-33],[ 0.]
[ 0.48977414],[-0.04457812],[ -3.08148791e-33],[ 0.]
[ 0.48861736],[-0.04587136],[  1.54074396e-33],[ 0.]
[ 0.48745181],[-0.0471744],[ -3.08148791e-33],[ 0.]
[ 0.48627945],[-0.04848505],[  4.62223187e-33],[ 0.]
[ 0.48510221],[-0.04980115],[ -4.62223187e-33],[ 0.]
[ 0.48392206],[-0.05112052],[ 0.],[ 0.]
[ 0.48274093],[-0.05244098],[  4.62223187e-33],[ 0.]
[ 0.48156077],[-0.05376034],[ -4.62223187e-33],[ 0.]
[ 0.48038354],[-0.05507644],[ -1.54074396e-33],[ 0.]
[ 0.47921118],[-0.0563871],[  4.62223187e-33],[ 0.]
[ 0.47804563],[-0.05769014],[ -1.54074396e-33],[ 0.]
[ 0.47688884],[-0.05898337],[  4.62223187e-33],[ 0.]
[ 0.47574277],[-0.06026464],[  4.62223187e-33],[ 0.]
[ 0.47460936],[-0.06153175],[  3.08148791e-33],[ 0.]
[ 0.47349055],[-0.06278253],[  3.08148791e-33],[ 0.]
[ 0.4723883],[-0.0640148],[ 0.],[ 0.]
[ 0.47130455],[-0.06522639],[ -4.62223187e-33],[ 0.]
[ 0.47024125],[-0.06641512],[ -3.08148791e-33],[ 0.]
[ 0.46920035],[-0.0675788],[  4.62223187e-33],[ 0.]
[ 0.46818379],[-0.06871527],[  1.54074396e-33],[ 0.]
[ 0.46719353],[-0.06982235],[ -6.16297582e-33],[ 0.]
[ 0.4662315],[-0.07089786],[  6.16297582e-33],[ 0.]
[ 0.46596837],[-0.07223362],[  6.16297582e-33],[ 0.]
[ 0.46571992],[-0.0734949],[ 0.],[ 0.]
[ 0.46548504],[-0.07468721],[  3.08148791e-33],[ 0.]
[ 0.46526267],[-0.07581606],[  3.08148791e-33],[ 0.]
[ 0.46505171],[-0.07688697],[ 0.],[ 0.]
[ 0.46485108],[-0.07790547],[  6.16297582e-33],[ 0.]
[ 0.46465969],[-0.07887706],[ 0.],[ 0.]
[ 0.46447645],[-0.07980728],[ -6.16297582e-33],[ 0.]
[ 0.46430027],[-0.08070162],[ 0.],[ 0.]
[ 0.46413007],[-0.08156562],[ -3.08148791e-33],[ 0.]
[ 0.46396476],[-0.08240479],[  6.16297582e-33],[ 0.]
[ 0.46380326],[-0.08322464],[ -3.08148791e-33],[ 0.]
[ 0.46364448],[-0.0840307],[ 0.],[ 0.]
[ 0.46348732],[-0.08482849],[ 0.],[ 0.]
[ 0.46333071],[-0.08562351],[ 0.],[ 0.]
[ 0.46317356],[-0.0864213],[ -3.08148791e-33],[ 0.]
[ 0.46301477],[-0.08722736],[ -3.08148791e-33],[ 0.]
[ 0.46285327],[-0.08804721],[ 0.],[ 0.]
[ 0.46268796],[-0.08888638],[ -6.16297582e-33],[ 0.]
[ 0.46251776],[-0.08975038],[ -3.08148791e-33],[ 0.]
[ 0.46234159],[-0.09064472],[ 0.],[ 0.]
[ 0.46215835],[-0.09157493],[  3.08148791e-33],[ 0.]
[ 0.46196695],[-0.09254653],[ 0.],[ 0.]
[ 0.46176632],[-0.09356502],[  6.16297582e-33],[ 0.]
[ 0.46155536],[-0.09463594],[  3.08148791e-33],[ 0.]
[ 0.46133299],[-0.09576479],[ -3.08148791e-33],[ 0.]
[ 0.46109812],[-0.09695709],[  3.08148791e-33],[ 0.]
[ 0.46084966],[-0.09821837],[ -3.08148791e-33],[ 0.]
[ 0.46058653],[-0.09955414],[ -3.08148791e-33],[ 0.]
[ 0.46030764],[-0.10096992],[ -3.08148791e-33],[ 0.]
[ 0.4600119],[-0.10247122],[ -3.08148791e-33],[ 0.]
[ 0.45979857],[-0.1038198],[ -3.08148791e-33],[ 0.]
[ 0.45959653],[-0.10509699],[ -3.08148791e-33],[ 0.]
[ 0.45940495],[-0.10630808],[  6.16297582e-33],[ 0.]
[ 0.45922299],[-0.10745835],[  3.08148791e-33],[ 0.]
[ 0.45904982],[-0.10855309],[  3.08148791e-33],[ 0.]
[ 0.45888459],[-0.1095976],[ -3.08148791e-33],[ 0.]
[ 0.45872647],[-0.11059716],[ -6.16297582e-33],[ 0.]
[ 0.45857463],[-0.11155705],[ -3.08148791e-33],[ 0.]
[ 0.45842822],[-0.11248257],[ -3.08148791e-33],[ 0.]
[ 0.45828641],[-0.11337901],[  6.16297582e-33],[ 0.]
[ 0.45814837],[-0.11425165],[ -3.08148791e-33],[ 0.]
[ 0.45801326],[-0.11510577],[ -3.08148791e-33],[ 0.]
[ 0.45788024],[-0.11594668],[ 0.],[ 0.]
[ 0.45774847],[-0.11677966],[ -3.08148791e-33],[ 0.]
[ 0.45761712],[-0.11760999],[ 0.],[ 0.]
[ 0.45748536],[-0.11844297],[ -6.16297582e-33],[ 0.]
[ 0.45735234],[-0.11928388],[ -3.08148791e-33],[ 0.]
[ 0.45721722],[-0.12013801],[  3.08148791e-33],[ 0.]
[ 0.45707918],[-0.12101064],[  3.08148791e-33],[ 0.]
[ 0.45693738],[-0.12190708],[  3.08148791e-33],[ 0.]
[ 0.45679097],[-0.1228326],[ -3.08148791e-33],[ 0.]
[ 0.45663913],[-0.1237925],[  3.08148791e-33],[ 0.]
[ 0.45648101],[-0.12479205],[ -3.08148791e-33],[ 0.]
[ 0.45631578],[-0.12583656],[ 0.],[ 0.]
[ 0.4561426],[-0.1269313],[ -3.08148791e-33],[ 0.]
[ 0.45596065],[-0.12808158],[ 0.],[ 0.]
[ 0.45576907],[-0.12929266],[ 0.],[ 0.]
[ 0.45556703],[-0.13056986],[ -3.08148791e-33],[ 0.]
[ 0.4553537],[-0.13191844],[ -6.16297582e-33],[ 0.]
[ 0.45512824],[-0.1333437],[ -3.08148791e-33],[ 0.]
[ 0.45476057],[-0.13469616],[ 0.],[ 0.]
[ 0.45440303],[-0.13601139],[ 0.],[ 0.]
[ 0.45405485],[-0.13729214],[  6.16297582e-33],[ 0.]
[ 0.4537153],[-0.13854118],[ 0.],[ 0.]
[ 0.45338362],[-0.13976126],[ 0.],[ 0.]
[ 0.45305906],[-0.14095514],[ 0.],[ 0.]
[ 0.45274088],[-0.14212558],[ -6.16297582e-33],[ 0.]
[ 0.45242831],[-0.14327533],[ 0.],[ 0.]
[ 0.45212062],[-0.14440716],[  6.16297582e-33],[ 0.]
[ 0.45181706],[-0.14552382],[ -6.16297582e-33],[ 0.]
[ 0.45151687],[-0.14662807],[  6.16297582e-33],[ 0.]
[ 0.4512193],[-0.14772267],[ 0.],[ 0.]
[ 0.45092361],[-0.14881037],[ 0.],[ 0.]
[ 0.45062904],[-0.14989393],[  6.16297582e-33],[ 0.]
[ 0.45033484],[-0.15097612],[ 0.],[ 0.]
[ 0.45004028],[-0.15205969],[ 0.],[ 0.]
[ 0.44974458],[-0.15314739],[ 0.],[ 0.]
[ 0.44944701],[-0.15424199],[ -6.16297582e-33],[ 0.]
[ 0.44914682],[-0.15534624],[ 0.],[ 0.]
[ 0.44884326],[-0.1564629],[  6.16297582e-33],[ 0.]
[ 0.44853557],[-0.15759472],[ -6.16297582e-33],[ 0.]
[ 0.44822301],[-0.15874448],[ 0.],[ 0.]
[ 0.44790482],[-0.15991492],[ 0.],[ 0.]
[ 0.44758026],[-0.1611088],[ 0.],[ 0.]
[ 0.44724858],[-0.16232888],[ -6.16297582e-33],[ 0.]
[ 0.44690903],[-0.16357792],[ -6.16297582e-33],[ 0.]
[ 0.44656086],[-0.16485867],[ 0.],[ 0.]
[ 0.44620331],[-0.1661739],[ -6.16297582e-33],[ 0.]
[ 0.44583564],[-0.16752636],[ 0.],[ 0.]
[ 0.4454571],[-0.16891881],[ -6.16297582e-33],[ 0.]
[ 0.44497277],[-0.17019942],[ 0.],[ 0.]
[ 0.44451277],[-0.17141573],[ 0.],[ 0.]
[ 0.44407528],[-0.1725725],[ 0.],[ 0.]
[ 0.4436585],[-0.1736745],[ 0.],[ 0.]
[ 0.44326065],[-0.17472648],[ 0.],[ 0.]
[ 0.4428799],[-0.1757332],[ 0.],[ 0.]
[ 0.44251447],[-0.17669944],[ 0.],[ 0.]
[ 0.44216255],[-0.17762996],[ 0.],[ 0.]
[ 0.44182234],[-0.17852951],[ 0.],[ 0.]
[ 0.44149204],[-0.17940287],[ 0.],[ 0.]
[ 0.44116984],[-0.18025479],[ 0.],[ 0.]
[ 0.44085395],[-0.18109004],[ 0.],[ 0.]
[ 0.44054256],[-0.18191338],[ 0.],[ 0.]
[ 0.44023388],[-0.18272958],[ 0.],[ 0.]
[ 0.4399261],[-0.1835434],[ 0.],[ 0.]
[ 0.43961741],[-0.18435959],[ 0.],[ 0.]
[ 0.43930602],[-0.18518294],[ 0.],[ 0.]
[ 0.43899013],[-0.18601819],[ 0.],[ 0.]
[ 0.43866794],[-0.18687011],[ 0.],[ 0.]
[ 0.43833763],[-0.18774346],[ 0.],[ 0.]
[ 0.43799742],[-0.18864302],[ 0.],[ 0.]
[ 0.4376455],[-0.18957353],[ 0.],[ 0.]
[ 0.43728007],[-0.19053977],[ 0.],[ 0.]
[ 0.43689933],[-0.1915465],[ 0.],[ 0.]
[ 0.43650147],[-0.19259848],[ 0.],[ 0.]
[ 0.4360847],[-0.19370048],[ 0.],[ 0.]
[ 0.43564721],[-0.19485725],[ 0.],[ 0.]
[ 0.4351872],[-0.19607356],[ 0.],[ 0.]
[ 0.43470287],[-0.19735417],[ 0.],[ 0.]
[ 0.43419242],[-0.19870386],[ 0.],[ 0.]
[ 0.43362401],[-0.19994368],[ 0.],[ 0.]
[ 0.43308628],[-0.20111658],[ 0.],[ 0.]
[ 0.43257696],[-0.20222751],[ 0.],[ 0.]
[ 0.43209377],[-0.20328144],[ 0.],[ 0.]
[ 0.43163445],[-0.20428331],[ 0.],[ 0.]
[ 0.43119671],[-0.20523809],[ 0.],[ 0.]
[ 0.4307783],[-0.20615074],[ 0.],[ 0.]
[ 0.43037693],[-0.2070262],[ 0.],[ 0.]
[ 0.42999034],[-0.20786945],[ 0.],[ 0.]
[ 0.42961624],[-0.20868543],[ 0.],[ 0.]
[ 0.42925237],[-0.2094791],[ 0.],[ 0.]
[ 0.42889646],[-0.21025542],[ 0.],[ 0.]
[ 0.42854622],[-0.21101934],[ 0.],[ 0.]
[ 0.4281994],[-0.21177584],[ 0.],[ 0.]
[ 0.42785371],[-0.21252985],[ 0.],[ 0.]
[ 0.42750689],[-0.21328634],[ 0.],[ 0.]
[ 0.42715666],[-0.21405027],[ 0.],[ 0.]
[ 0.42680074],[-0.21482659],[ 0.],[ 0.]
[ 0.42643687],[-0.21562026],[ 0.],[ 0.]
[ 0.42606278],[-0.21643624],[ 0.],[ 0.]
[ 0.42567618],[-0.21727948],[ 0.],[ 0.]
[ 0.42527481],[-0.21815494],[ 0.],[ 0.]
[ 0.4248564],[-0.21906759],[ 0.],[ 0.]
[ 0.42441867],[-0.22002237],[ 0.],[ 0.]
[ 0.42395935],[-0.22102424],[ 0.],[ 0.]
[ 0.42347616],[-0.22207817],[ 0.],[ 0.]
[ 0.42296684],[-0.2231891],[ 0.],[ 0.]
[ 0.42242911],[-0.224362],[ 0.],[ 0.]
[ 0.4218607],[-0.22560182],[ 0.],[ 0.]
[ 0.42125933],[-0.22691352],[ 0.],[ 0.]
[ 0.42062274],[-0.22830205],[ 0.],[ 0.]
[ 0.41998202],[-0.22954902],[ 0.],[ 0.]
[ 0.41935877],[-0.23076199],[ 0.],[ 0.]
[ 0.41875168],[-0.2319435],[ 0.],[ 0.]
[ 0.41815947],[-0.23309605],[ 0.],[ 0.]
[ 0.41758085],[-0.23422217],[ 0.],[ 0.]
[ 0.41701452],[-0.23532437],[ 0.],[ 0.]
[ 0.41645918],[-0.23640518],[ 0.],[ 0.]
[ 0.41591354],[-0.23746709],[ 0.],[ 0.]
[ 0.41537631],[-0.23851265],[ 0.],[ 0.]
[ 0.4148462],[-0.23954436],[ 0.],[ 0.]
[ 0.4143219],[-0.24056474],[ 0.],[ 0.]
[ 0.41380214],[-0.2415763],[ 0.],[ 0.]
[ 0.41328561],[-0.24258157],[ 0.],[ 0.]
[ 0.41277102],[-0.24358307],[ 0.],[ 0.]
[ 0.41225707],[-0.24458331],[ 0.],[ 0.]
[ 0.41174248],[-0.2455848],[ 0.],[ 0.]
[ 0.41122595],[-0.24659008],[ 0.],[ 0.]
[ 0.41070619],[-0.24760164],[ 0.],[ 0.]
[ 0.41018189],[-0.24862202],[ 0.],[ 0.]
[ 0.40965178],[-0.24965373],[ 0.],[ 0.]
[ 0.40911455],[-0.25069929],[ 0.],[ 0.]
[ 0.40856891],[-0.2517612],[ 0.],[ 0.]
[ 0.40801357],[-0.25284201],[ 0.],[ 0.]
[ 0.40744724],[-0.25394421],[ 0.],[ 0.]
[ 0.40686861],[-0.25507033],[ 0.],[ 0.]
[ 0.40627641],[-0.25622288],[ 0.],[ 0.]
[ 0.40566932],[-0.25740439],[ 0.],[ 0.]
[ 0.40504607],[-0.25861736],[ 0.],[ 0.]
[ 0.40440535],[-0.25986433],[ 0.],[ 0.]
[ 0.40374588],[-0.2611478],[ 0.],[ 0.]
[ 0.40303539],[-0.26232189],[ 0.],[ 0.]
[ 0.40235897],[-0.2634397],[ 0.],[ 0.]
[ 0.40171408],[-0.26450539],[ 0.],[ 0.]
[ 0.40109821],[-0.26552314],[ 0.],[ 0.]
[ 0.40050882],[-0.26649711],[ 0.],[ 0.]
[ 0.3999434],[-0.26743148],[ 0.],[ 0.]
[ 0.39939943],[-0.26833041],[ 0.],[ 0.]
[ 0.39887438],[-0.26919807],[ 0.],[ 0.]
[ 0.39836573],[-0.27003863],[ 0.],[ 0.]
[ 0.39787095],[-0.27085626],[ 0.],[ 0.]
[ 0.39738752],[-0.27165513],[ 0.],[ 0.]
[ 0.39691293],[-0.27243941],[ 0.],[ 0.]
[ 0.39644464],[-0.27321327],[ 0.],[ 0.]
[ 0.39598014],[-0.27398087],[ 0.],[ 0.]
[ 0.3955169],[-0.27474639],[ 0.],[ 0.]
[ 0.3950524],[-0.27551399],[ 0.],[ 0.]
[ 0.39458411],[-0.27628785],[ 0.],[ 0.]
[ 0.39410952],[-0.27707212],[ 0.],[ 0.]
[ 0.39362609],[-0.27787099],[ 0.],[ 0.]
[ 0.39313131],[-0.27868863],[ 0.],[ 0.]
[ 0.39262266],[-0.27952919],[ 0.],[ 0.]
[ 0.39209761],[-0.28039685],[ 0.],[ 0.]
[ 0.39155364],[-0.28129578],[ 0.],[ 0.]
[ 0.39098822],[-0.28223015],[ 0.],[ 0.]
[ 0.39039883],[-0.28320412],[ 0.],[ 0.]
[ 0.38978296],[-0.28422187],[ 0.],[ 0.]
[ 0.38913807],[-0.28528756],[ 0.],[ 0.]
[ 0.38846164],[-0.28640537],[ 0.],[ 0.]
[ 0.38775116],[-0.28757946],[ 0.],[ 0.]
[ 0.3870041],[-0.28881401],[ 0.],[ 0.]
[ 0.3862197],[-0.28997129],[ 0.],[ 0.]
[ 0.38545878],[-0.29109395],[ 0.],[ 0.]
[ 0.38471958],[-0.29218455],[ 0.],[ 0.]
[ 0.38400037],[-0.29324566],[ 0.],[ 0.]
[ 0.38329941],[-0.29427984],[ 0.],[ 0.]
[ 0.38261497],[-0.29528965],[ 0.],[ 0.]
[ 0.3819453],[-0.29627767],[ 0.],[ 0.]
[ 0.38128867],[-0.29724645],[ 0.],[ 0.]
[ 0.38064333],[-0.29819857],[ 0.],[ 0.]
[ 0.38000756],[-0.29913658],[ 0.],[ 0.]
[ 0.37937961],[-0.30006304],[ 0.],[ 0.]
[ 0.37875774],[-0.30098054],[ 0.],[ 0.]
[ 0.37814022],[-0.30189162],[ 0.],[ 0.]
[ 0.37752531],[-0.30279885],[ 0.],[ 0.]
[ 0.37691126],[-0.3037048],[ 0.],[ 0.]
[ 0.37629635],[-0.30461203],[ 0.],[ 0.]
[ 0.37567883],[-0.30552311],[ 0.],[ 0.]
[ 0.37505696],[-0.3064406],[ 0.],[ 0.]
[ 0.37442901],[-0.30736707],[ 0.],[ 0.]
[ 0.37379324],[-0.30830508],[ 0.],[ 0.]
[ 0.37314791],[-0.30925719],[ 0.],[ 0.]
[ 0.37249127],[-0.31022598],[ 0.],[ 0.]
[ 0.37182161],[-0.31121399],[ 0.],[ 0.]
[ 0.37113716],[-0.31222381],[ 0.],[ 0.]
[ 0.3704362],[-0.31325799],[ 0.],[ 0.]
[ 0.36971699],[-0.3143191],[ 0.],[ 0.]
[ 0.3689778],[-0.3154097],[ 0.],[ 0.]
[ 0.36821687],[-0.31653236],[ 0.],[ 0.]
[ 0.36743247],[-0.31768964],[ 0.],[ 0.]
[ 0.36662288],[-0.31888411],[ 0.],[ 0.]
[ 0.36576837],[-0.31996102],[ 0.],[ 0.]
[ 0.36495337],[-0.32098816],[ 0.],[ 0.]
[ 0.36417492],[-0.32196922],[ 0.],[ 0.]
[ 0.36343013],[-0.32290787],[ 0.],[ 0.]
[ 0.36271604],[-0.32380782],[ 0.],[ 0.]
[ 0.36202975],[-0.32467274],[ 0.],[ 0.]
[ 0.36136833],[-0.32550632],[ 0.],[ 0.]
[ 0.36072884],[-0.32631225],[ 0.],[ 0.]
[ 0.36010837],[-0.32709422],[ 0.],[ 0.]
[ 0.35950399],[-0.32785591],[ 0.],[ 0.]
[ 0.35891278],[-0.328601],[ 0.],[ 0.]
[ 0.3583318],[-0.3293332],[ 0.],[ 0.]
[ 0.35775814],[-0.33005617],[ 0.],[ 0.]
[ 0.35718886],[-0.33077362],[ 0.],[ 0.]
[ 0.35662105],[-0.33148923],[ 0.],[ 0.]
[ 0.35605177],[-0.33220667],[ 0.],[ 0.]
[ 0.35547811],[-0.33292965],[ 0.],[ 0.]
[ 0.35489713],[-0.33366184],[ 0.],[ 0.]
[ 0.35430592],[-0.33440694],[ 0.],[ 0.]
[ 0.35370154],[-0.33516863],[ 0.],[ 0.]
[ 0.35308107],[-0.3359506],[ 0.],[ 0.]
[ 0.35244158],[-0.33675653],[ 0.],[ 0.]
[ 0.35178016],[-0.33759011],[ 0.],[ 0.]
[ 0.35109387],[-0.33845503],[ 0.],[ 0.]
[ 0.35037978],[-0.33935497],[ 0.],[ 0.]
[ 0.34963499],[-0.34029363],[ 0.],[ 0.]
[ 0.34885654],[-0.34127468],[ 0.],[ 0.]
[ 0.34804154],[-0.34230182],[ 0.],[ 0.]
[ 0.34718703],[-0.34337874],[ 0.],[ 0.]
[ 0.34629011],[-0.34450911],[ 0.],[ 0.]
[ 0.34536428],[-0.34556257],[ 0.],[ 0.]
[ 0.34446335],[-0.34658771],[ 0.],[ 0.]
[ 0.34358547],[-0.34758662],[ 0.],[ 0.]
[ 0.34272879],[-0.3485614],[ 0.],[ 0.]
[ 0.34189148],[-0.34951414],[ 0.],[ 0.]
[ 0.34107168],[-0.35044696],[ 0.],[ 0.]
[ 0.34026756],[-0.35136193],[ 0.],[ 0.]
[ 0.33947727],[-0.35226117],[ 0.],[ 0.]
[ 0.33869897],[-0.35314677],[ 0.],[ 0.]
[ 0.33793081],[-0.35402083],[ 0.],[ 0.]
[ 0.33717095],[-0.35488545],[ 0.],[ 0.]
[ 0.33641754],[-0.35574272],[ 0.],[ 0.]
[ 0.33566874],[-0.35659475],[ 0.],[ 0.]
[ 0.33492271],[-0.35744363],[ 0.],[ 0.]
[ 0.3341776],[-0.35829146],[ 0.],[ 0.]
[ 0.33343156],[-0.35914034],[ 0.],[ 0.]
[ 0.33268277],[-0.35999237],[ 0.],[ 0.]
[ 0.33192936],[-0.36084965],[ 0.],[ 0.]
[ 0.3311695],[-0.36171426],[ 0.],[ 0.]
[ 0.33040134],[-0.36258832],[ 0.],[ 0.]
[ 0.32962303],[-0.36347392],[ 0.],[ 0.]
[ 0.32883274],[-0.36437316],[ 0.],[ 0.]
[ 0.32802862],[-0.36528814],[ 0.],[ 0.]
[ 0.32720883],[-0.36622095],[ 0.],[ 0.]
[ 0.32637151],[-0.3671737],[ 0.],[ 0.]
[ 0.32551484],[-0.36814847],[ 0.],[ 0.]
[ 0.32463696],[-0.36914738],[ 0.],[ 0.]
[ 0.32373602],[-0.37017252],[ 0.],[ 0.]
[ 0.32281019],[-0.37122598],[ 0.],[ 0.]
[ 0.32185763],[-0.37230987],[ 0.],[ 0.]
[ 0.32087647],[-0.37342629],[ 0.],[ 0.]
[ 0.31988996],[-0.37442126],[ 0.],[ 0.]
[ 0.31893087],[-0.37538857],[ 0.],[ 0.]
[ 0.31799718],[-0.37633026],[ 0.],[ 0.]
[ 0.31708686],[-0.37724838],[ 0.],[ 0.]
[ 0.31619787],[-0.37814499],[ 0.],[ 0.]
[ 0.31532818],[-0.37902213],[ 0.],[ 0.]
[ 0.31447577],[-0.37988185],[ 0.],[ 0.]
[ 0.3136386],[-0.3807262],[ 0.],[ 0.]
[ 0.31281463],[-0.38155723],[ 0.],[ 0.]
[ 0.31200184],[-0.38237698],[ 0.],[ 0.]
[ 0.31119819],[-0.38318752],[ 0.],[ 0.]
[ 0.31040165],[-0.38399088],[ 0.],[ 0.]
[ 0.30961019],[-0.38478913],[ 0.],[ 0.]
[ 0.30882178],[-0.38558429],[ 0.],[ 0.]
[ 0.30803439],[-0.38637843],[ 0.],[ 0.]
[ 0.30724598],[-0.3871736],[ 0.],[ 0.]
[ 0.30645452],[-0.38797184],[ 0.],[ 0.]
[ 0.30565799],[-0.3887752],[ 0.],[ 0.]
[ 0.30485434],[-0.38958574],[ 0.],[ 0.]
[ 0.30404155],[-0.3904055],[ 0.],[ 0.]
[ 0.30321758],[-0.39123653],[ 0.],[ 0.]
[ 0.3023804],[-0.39208088],[ 0.],[ 0.]
[ 0.30152799],[-0.3929406],[ 0.],[ 0.]
[ 0.3006583],[-0.39381774],[ 0.],[ 0.]
[ 0.29976932],[-0.39471435],[ 0.],[ 0.]
[ 0.29885899],[-0.39563247],[ 0.],[ 0.]
[ 0.2979253],[-0.39657416],[ 0.],[ 0.]
[ 0.29696621],[-0.39754147],[ 0.],[ 0.]
[ 0.2959797],[-0.39853645],[ 0.],[ 0.]
[ 0.29496371],[-0.39956114],[ 0.],[ 0.]
[ 0.29391239],[-0.40049323],[ 0.],[ 0.]
[ 0.29288752],[-0.40140187],[ 0.],[ 0.]
[ 0.29188713],[-0.40228881],[ 0.],[ 0.]
[ 0.29090928],[-0.40315577],[ 0.],[ 0.]
[ 0.28995199],[-0.40400449],[ 0.],[ 0.]
[ 0.28901332],[-0.40483671],[ 0.],[ 0.]
[ 0.2880913],[-0.40565416],[ 0.],[ 0.]
[ 0.28718398],[-0.40645859],[ 0.],[ 0.]
[ 0.28628939],[-0.40725173],[ 0.],[ 0.]
[ 0.28540557],[-0.40803531],[ 0.],[ 0.]
[ 0.28453057],[-0.40881108],[ 0.],[ 0.]
[ 0.28366243],[-0.40958077],[ 0.],[ 0.]
[ 0.28279918],[-0.41034611],[ 0.],[ 0.]
[ 0.28193888],[-0.41110885],[ 0.],[ 0.]
[ 0.28107955],[-0.41187072],[ 0.],[ 0.]
[ 0.28021924],[-0.41263347],[ 0.],[ 0.]
[ 0.279356],[-0.41339881],[ 0.],[ 0.]
[ 0.27848786],[-0.4141685],[ 0.],[ 0.]
[ 0.27761286],[-0.41494427],[ 0.],[ 0.]
[ 0.27672904],[-0.41572785],[ 0.],[ 0.]
[ 0.27583445],[-0.41652099],[ 0.],[ 0.]
[ 0.27492712],[-0.41732542],[ 0.],[ 0.]
[ 0.27400511],[-0.41814287],[ 0.],[ 0.]
[ 0.27306643],[-0.41897509],[ 0.],[ 0.]
[ 0.27210915],[-0.41982381],[ 0.],[ 0.]
[ 0.2711313],[-0.42069077],[ 0.],[ 0.]
[ 0.27013091],[-0.4215777],[ 0.],[ 0.]
[ 0.26910604],[-0.42248634],[ 0.],[ 0.]
[ 0.26805472],[-0.42341844],[ 0.],[ 0.]
[ 0.26697499],[-0.42437572],[ 0.],[ 0.]
[ 0.26586489],[-0.42535992],[ 0.],[ 0.]
[ 0.26477365],[-0.4261803],[ 0.],[ 0.]
[ 0.26374027],[-0.42695717],[ 0.],[ 0.]
[ 0.26276048],[-0.42769377],[ 0.],[ 0.]
[ 0.26182999],[-0.4283933],[ 0.],[ 0.]
[ 0.26094451],[-0.42905899],[ 0.],[ 0.]
[ 0.26009974],[-0.42969407],[ 0.],[ 0.]
[ 0.25929142],[-0.43030176],[ 0.],[ 0.]
[ 0.25851524],[-0.43088528],[ 0.],[ 0.]
[ 0.25776693],[-0.43144785],[ 0.],[ 0.]
[ 0.25704219],[-0.43199269],[ 0.],[ 0.]
[ 0.25633675],[-0.43252304],[ 0.],[ 0.]
[ 0.2556463],[-0.4330421],[ 0.],[ 0.]
[ 0.25496658],[-0.43355311],[ 0.],[ 0.]
[ 0.25429328],[-0.43405929],[ 0.],[ 0.]
[ 0.25362213],[-0.43456385],[ 0.],[ 0.]
[ 0.25294883],[-0.43507003],[ 0.],[ 0.]
[ 0.2522691],[-0.43558103],[ 0.],[ 0.]
[ 0.25157866],[-0.4361001],[ 0.],[ 0.]
[ 0.25087321],[-0.43663044],[ 0.],[ 0.]
[ 0.25014848],[-0.43717529],[ 0.],[ 0.]
[ 0.24940016],[-0.43773786],[ 0.],[ 0.]
[ 0.24862399],[-0.43832138],[ 0.],[ 0.]
[ 0.24781566],[-0.43892906],[ 0.],[ 0.]
[ 0.2469709],[-0.43956414],[ 0.],[ 0.]
[ 0.24608542],[-0.44022984],[ 0.],[ 0.]
[ 0.24515493],[-0.44092937],[ 0.],[ 0.]
[ 0.24417514],[-0.44166596],[ 0.],[ 0.]
[ 0.24314177],[-0.44244283],[ 0.],[ 0.]
[ 0.24205052],[-0.44326321],[ 0.],[ 0.]
[ 0.24089713],[-0.44413032],[ 0.],[ 0.]
[ 0.23967729],[-0.44504738],[ 0.],[ 0.]
[ 0.23853964],[-0.44580095],[ 0.],[ 0.]
[ 0.23746285],[-0.44651422],[ 0.],[ 0.]
[ 0.23644239],[-0.44719017],[ 0.],[ 0.]
[ 0.23547377],[-0.44783178],[ 0.],[ 0.]
[ 0.23455247],[-0.44844205],[ 0.],[ 0.]
[ 0.23367399],[-0.44902395],[ 0.],[ 0.]
[ 0.23283383],[-0.44958048],[ 0.],[ 0.]
[ 0.23202747],[-0.45011461],[ 0.],[ 0.]
[ 0.2312504],[-0.45062934],[ 0.],[ 0.]
[ 0.23049813],[-0.45112764],[ 0.],[ 0.]
[ 0.22976613],[-0.45161251],[ 0.],[ 0.]
[ 0.22904992],[-0.45208693],[ 0.],[ 0.]
[ 0.22834497],[-0.45255389],[ 0.],[ 0.]
[ 0.22764678],[-0.45301637],[ 0.],[ 0.]
[ 0.22695085],[-0.45347736],[ 0.],[ 0.]
[ 0.22625266],[-0.45393984],[ 0.],[ 0.]
[ 0.22554771],[-0.45440679],[ 0.],[ 0.]
[ 0.22483149],[-0.45488121],[ 0.],[ 0.]
[ 0.2240995],[-0.45536609],[ 0.],[ 0.]
[ 0.22334722],[-0.45586439],[ 0.],[ 0.]
[ 0.22257016],[-0.45637912],[ 0.],[ 0.]
[ 0.22176379],[-0.45691325],[ 0.],[ 0.]
[ 0.22092363],[-0.45746978],[ 0.],[ 0.]
[ 0.22004515],[-0.45805168],[ 0.],[ 0.]
[ 0.21912385],[-0.45866195],[ 0.],[ 0.]
[ 0.21815523],[-0.45930356],[ 0.],[ 0.]
[ 0.21713477],[-0.45997951],[ 0.],[ 0.]
[ 0.21605797],[-0.46069278],[ 0.],[ 0.]
[ 0.21492032],[-0.46144636],[ 0.],[ 0.]
[ 0.21371732],[-0.46224323],[ 0.],[ 0.]
[ 0.2125267],[-0.46293674],[ 0.],[ 0.]
[ 0.21138846],[-0.46359973],[ 0.],[ 0.]
[ 0.21029872],[-0.46423448],[ 0.],[ 0.]
[ 0.20925361],[-0.46484323],[ 0.],[ 0.]
[ 0.20824923],[-0.46542826],[ 0.],[ 0.]
[ 0.20728172],[-0.46599181],[ 0.],[ 0.]
[ 0.20634719],[-0.46653615],[ 0.],[ 0.]
[ 0.20544176],[-0.46706355],[ 0.],[ 0.]
[ 0.20456155],[-0.46757625],[ 0.],[ 0.]
[ 0.20370268],[-0.46807652],[ 0.],[ 0.]
[ 0.20286127],[-0.46856662],[ 0.],[ 0.]
[ 0.20203344],[-0.46904881],[ 0.],[ 0.]
[ 0.20121531],[-0.46952535],[ 0.],[ 0.]
[ 0.20040301],[-0.4699985],[ 0.],[ 0.]
[ 0.19959264],[-0.47047052],[ 0.],[ 0.]
[ 0.19878033],[-0.47094366],[ 0.],[ 0.]
[ 0.19796221],[-0.4714202],[ 0.],[ 0.]
[ 0.19713438],[-0.47190239],[ 0.],[ 0.]
[ 0.19629297],[-0.47239249],[ 0.],[ 0.]
[ 0.1954341],[-0.47289276],[ 0.],[ 0.]
[ 0.19455389],[-0.47340546],[ 0.],[ 0.]
[ 0.19364846],[-0.47393286],[ 0.],[ 0.]
[ 0.19271393],[-0.4744772],[ 0.],[ 0.]
[ 0.19174642],[-0.47504075],[ 0.],[ 0.]
[ 0.19074205],[-0.47562577],[ 0.],[ 0.]
[ 0.18969693],[-0.47623453],[ 0.],[ 0.]
[ 0.18860719],[-0.47686927],[ 0.],[ 0.]
[ 0.18746895],[-0.47753227],[  1.23259516e-32],[ 0.]
[ 0.18627833],[-0.47822578],[ 0.],[ 0.]
[ 0.18503145],[-0.47895206],[ 0.],[ 0.]
[ 0.18372443],[-0.47971337],[ -1.23259516e-32],[ 0.]
[ 0.1824027],[-0.48041755],[ 0.],[ 0.]
[ 0.1810361],[-0.48114564],[ 0.],[ 0.]
[ 0.17962793],[-0.48189587],[ 0.],[ 0.]
[ 0.17818154],[-0.48266647],[ 0.],[ 0.]
[ 0.17670023],[-0.48345567],[ 0.],[ 0.]
[ 0.17518734],[-0.4842617],[ 0.],[ 0.]
[ 0.1736462],[-0.48508278],[ 0.],[ 0.]
[ 0.17208011],[-0.48591714],[ 0.],[ 0.]
[ 0.17049242],[-0.48676302],[ -1.23259516e-32],[ 0.]
[ 0.16888645],[-0.48761864],[ 0.],[ 0.]
[ 0.16726551],[-0.48848223],[ 0.],[ 0.]
[ 0.16563293],[-0.48935203],[ 0.],[ 0.]
[ 0.16399205],[-0.49022624],[ -1.23259516e-32],[ 0.]
[ 0.16234618],[-0.49110312],[  1.23259516e-32],[ 0.]
[ 0.16069864],[-0.49198088],[ -1.23259516e-32],[ 0.]
[ 0.15905277],[-0.49285776],[ 0.],[ 0.]
[ 0.15741189],[-0.49373198],[ 0.],[ 0.]
[ 0.15577931],[-0.49460177],[ 0.],[ 0.]
[ 0.15415838],[-0.49546536],[ 0.],[ 0.]
[ 0.1525524],[-0.49632098],[ 0.],[ 0.]
[ 0.15096471],[-0.49716686],[ -1.23259516e-32],[ 0.]
[ 0.14939863],[-0.49800122],[ 0.],[ 0.]
[ 0.14785748],[-0.4988223],[ 0.],[ 0.]
[ 0.14634459],[-0.49962833],[ 0.],[ 0.]
[ 0.14486329],[-0.50041753],[ 0.],[ 0.]
[ 0.1434169],[-0.50118813],[ 0.],[ 0.]
[ 0.14200873],[-0.50193836],[ 0.],[ 0.]
[ 0.14064213],[-0.50266645],[ -1.23259516e-32],[ 0.]
[ 0.13932041],[-0.50337063],[  1.23259516e-32],[ 0.]
[ 0.13804689],[-0.50404912],[ 0.],[ 0.]
[ 0.13675027],[-0.50462969],[ -1.23259516e-32],[ 0.]
[ 0.13547262],[-0.50520176],[ 0.],[ 0.]
[ 0.13421254],[-0.50576597],[ 0.],[ 0.]
[ 0.13296861],[-0.50632294],[ 0.],[ 0.]
[ 0.13173943],[-0.50687331],[ 0.],[ 0.]
[ 0.13052361],[-0.5074177],[ -1.23259516e-32],[ 0.]
[ 0.12931973],[-0.50795674],[ 0.],[ 0.]
[ 0.12812639],[-0.50849106],[ 0.],[ 0.]
[ 0.12694218],[-0.5090213],[ 0.],[ 0.]
[ 0.12576569],[-0.50954807],[ 0.],[ 0.]
[ 0.12459554],[-0.51007202],[ 0.],[ 0.]
[ 0.1234303],[-0.51059376],[ 0.],[ 0.]
[ 0.12226857],[-0.51111392],[ 0.],[ 0.]
[ 0.12110895],[-0.51163315],[ 0.],[ 0.]
[ 0.11995003],[-0.51215206],[ 0.],[ 0.]
[ 0.11879041],[-0.51267128],[ 0.],[ 0.]
[ 0.11762868],[-0.51319145],[ 0.],[ 0.]
[ 0.11646344],[-0.51371319],[ 0.],[ 0.]
[ 0.11529328],[-0.51423714],[ 0.],[ 0.]
[ 0.1141168],[-0.51476391],[ 0.],[ 0.]
[ 0.11293259],[-0.51529414],[  1.23259516e-32],[ 0.]
[ 0.11173925],[-0.51582847],[ 0.],[ 0.]
[ 0.11053537],[-0.51636751],[ 0.],[ 0.]
[ 0.10931954],[-0.5169119],[ 0.],[ 0.]
[ 0.10809037],[-0.51746227],[ 0.],[ 0.]
[ 0.10684644],[-0.51801924],[ 0.],[ 0.]
[ 0.10558636],[-0.51858345],[ 0.],[ 0.]
[ 0.10430871],[-0.51915552],[ 0.],[ 0.]
[ 0.10301209],[-0.51973609],[ 0.],[ 0.]
[ 0.1016951],[-0.52032578],[ 0.],[ 0.]
[ 0.10035633],[-0.52092522],[ 0.],[ 0.]
[ 0.09906572],[-0.52136849],[ 0.],[ 0.]
[ 0.09784413],[-0.52178806],[ 0.],[ 0.]
[ 0.09668644],[-0.52218568],[ 0.],[ 0.]
[ 0.09558754],[-0.52256312],[  1.23259516e-32],[ 0.]
[ 0.09454232],[-0.52292211],[ 0.],[ 0.]
[ 0.09354566],[-0.52326442],[ 0.],[ 0.]
[ 0.09259246],[-0.52359181],[ 0.],[ 0.]
[ 0.09167759],[-0.52390604],[ 0.],[ 0.]
[ 0.09079596],[-0.52420884],[ -1.23259516e-32],[ 0.]
[ 0.08994244],[-0.524502],[ 0.],[ 0.]
[ 0.08911193],[-0.52478725],[ 0.],[ 0.]
[ 0.08829931],[-0.52506635],[ 0.],[ 0.]
[ 0.08749947],[-0.52534107],[ 0.],[ 0.]
[ 0.0867073],[-0.52561315],[ 0.],[ 0.]
[ 0.08591768],[-0.52588435],[ 0.],[ 0.]
[ 0.08512551],[-0.52615643],[ 0.],[ 0.]
[ 0.08432567],[-0.52643115],[ 0.],[ 0.]
[ 0.08351305],[-0.52671025],[ -1.23259516e-32],[ 0.]
[ 0.08268254],[-0.5269955],[ 0.],[ 0.]
[ 0.08182902],[-0.52728865],[ 0.],[ 0.]
[ 0.08094739],[-0.52759146],[ 0.],[ 0.]
[ 0.08003253],[-0.52790568],[ 0.],[ 0.]
[ 0.07907932],[-0.52823307],[ 0.],[ 0.]
[ 0.07808267],[-0.52857539],[ 0.],[ 0.]
[ 0.07703745],[-0.52893438],[ 0.],[ 0.]
[ 0.07593855],[-0.52931181],[ 0.],[ 0.]
[ 0.07478086],[-0.52970943],[ 0.],[ 0.]
[ 0.07355927],[-0.530129],[ 0.],[ 0.]
[ 0.07226866],[-0.53057228],[ 0.],[ 0.]
[ 0.07090393],[-0.53104101],[ 0.],[ 0.]
[ 0.06945997],[-0.53153696],[ 0.],[ 0.]
[ 0.06811379],[-0.53191428],[ 0.],[ 0.]
[ 0.06680789],[-0.53228032],[ 0.],[ 0.]
[ 0.06553929],[-0.5326359],[ 0.],[ 0.]
[ 0.064305],[-0.53298186],[ 0.],[ 0.]
[ 0.06310203],[-0.53331904],[ -1.23259516e-32],[ 0.]
[ 0.06192741],[-0.53364828],[ 0.],[ 0.]
[ 0.06077815],[-0.53397041],[ 0.],[ 0.]
[ 0.05965127],[-0.53428627],[ 0.],[ 0.]
[ 0.05854377],[-0.53459669],[ 0.],[ 0.]
[ 0.05745269],[-0.53490252],[ 0.],[ 0.]
[ 0.05637503],[-0.53520458],[ 0.],[ 0.]
[ 0.05530782],[-0.53550371],[ -1.23259516e-32],[ 0.]
[ 0.05424806],[-0.53580075],[ 0.],[ 0.]
[ 0.05319278],[-0.53609654],[ 0.],[ 0.]
[ 0.05213899],[-0.53639191],[ 0.],[ 0.]
[ 0.05108371],[-0.5366877],[ 0.],[ 0.]
[ 0.05002396],[-0.53698474],[  1.23259516e-32],[ 0.]
[ 0.04895674],[-0.53728387],[ 0.],[ 0.]
[ 0.04787908],[-0.53758593],[ 0.],[ 0.]
[ 0.046788],[-0.53789176],[ 0.],[ 0.]
[ 0.04568051],[-0.53820218],[ 0.],[ 0.]
[ 0.04455362],[-0.53851804],[ 0.],[ 0.]
[ 0.04340436],[-0.53884017],[ 0.],[ 0.]
[ 0.04222974],[-0.53916941],[ 0.],[ 0.]
[ 0.04102677],[-0.53950659],[ 0.],[ 0.]
[ 0.03979248],[-0.53985255],[ 0.],[ 0.]
[ 0.03852387],[-0.54020813],[ 0.],[ 0.]
[ 0.03721798],[-0.54057417],[ 0.],[ 0.]
[ 0.0358718],[-0.54095149],[ 0.],[ 0.]
[ 0.03448236],[-0.54134094],[ 0.],[ 0.]
[ 0.03307105],[-0.54166511],[ 0.],[ 0.]
[ 0.03165514],[-0.54199034],[ -1.23259516e-32],[ 0.]
[ 0.03023496],[-0.54231655],[ 0.],[ 0.]
[ 0.02881086],[-0.54264366],[ 0.],[ 0.]
[ 0.02738318],[-0.5429716],[ 0.],[ 0.]
[ 0.02595225],[-0.54330027],[ 0.],[ 0.]
[ 0.02451842],[-0.54362962],[ 0.],[ 0.]
[ 0.02308204],[-0.54395955],[ 0.],[ 0.]
[ 0.02164344],[-0.54428999],[ 0.],[ 0.]
[ 0.02020296],[-0.54462086],[ 0.],[ 0.]
[ 0.01876094],[-0.54495209],[ 0.],[ 0.]
[ 0.01731774],[-0.54528358],[ 0.],[ 0.]
[ 0.01587368],[-0.54561528],[ 0.],[ 0.]
[ 0.0144291],[-0.54594709],[ 0.],[ 0.]
[ 0.01298436],[-0.54627894],[ 0.],[ 0.]
[ 0.01153979],[-0.54661076],[ 0.],[ 0.]
[ 0.01009573],[-0.54694245],[ 0.],[ 0.]
[ 0.00865252],[-0.54727395],[ 0.],[ 0.]
[ 0.0072105],[-0.54760517],[ 0.],[ 0.]
[ 0.00577003],[-0.54793605],[ 0.],[ 0.]
[ 0.00433142],[-0.54826649],[ 0.],[ 0.]
[ 0.00289504],[-0.54859642],[ 0.],[ 0.]
[ 0.00146121],[-0.54892576],[ 0.],[ 0.]
[  3.02869982e-05],[-0.54925444],[ 0.],[ 0.]
[-0.0013974],[-0.54958237],[ 0.],[ 0.]
[-0.0028215],[-0.54990948],[  1.23259516e-32],[ 0.]
[-0.00424168],[-0.55023569],[  1.23259516e-32],[ 0.]
[-0.00565759],[-0.55056092],[ 0.],[ 0.]
[-0.0070689],[-0.55088509],[  1.23259516e-32],[ 0.]
[-0.00847526],[-0.55120813],[ 0.],[ 0.]
[-0.00987633],[-0.55152995],[ 0.],[ 0.]
[-0.01136212],[-0.55180328],[ -1.23259516e-32],[ 0.]
[-0.01290992],[-0.55208801],[  1.23259516e-32],[ 0.]
[-0.01451516],[-0.55238332],[ 0.],[ 0.]
[-0.01617322],[-0.55268834],[  2.46519033e-32],[ 0.]
[-0.01787952],[-0.55300223],[ 0.],[ 0.]
[-0.01962947],[-0.55332415],[ 0.],[ 0.]
[-0.02141846],[-0.55365326],[ 0.],[ 0.]
[-0.02324191],[-0.55398871],[ 0.],[ 0.]
[-0.02509522],[-0.55432964],[ 0.],[ 0.]
[-0.0269738],[-0.55467523],[ 0.],[ 0.]
[-0.02887306],[-0.55502462],[ 0.],[ 0.]
[-0.03078839],[-0.55537697],[ 0.],[ 0.]
[-0.03271521],[-0.55573143],[ 0.],[ 0.]
[-0.03464892],[-0.55608716],[ 0.],[ 0.]
[-0.03658492],[-0.55644331],[ 0.],[ 0.]
[-0.03851863],[-0.55679904],[ 0.],[ 0.]
[-0.04044545],[-0.5571535],[ 0.],[ 0.]
[-0.04236078],[-0.55750585],[ 0.],[ 0.]
[-0.04426004],[-0.55785524],[ 0.],[ 0.]
[-0.04613862],[-0.55820083],[ 0.],[ 0.]
[-0.04799193],[-0.55854176],[ 0.],[ 0.]
[-0.04981538],[-0.55887721],[ 0.],[ 0.]
[-0.05160437],[-0.55920632],[ 0.],[ 0.]
[-0.05335432],[-0.55952824],[ 0.],[ 0.]
[-0.05506062],[-0.55984213],[ 0.],[ 0.]
[-0.05671868],[-0.56014715],[ 0.],[ 0.]
[-0.05832391],[-0.56044246],[ 0.],[ 0.]
[-0.05987171],[-0.56072719],[ 0.],[ 0.]
[-0.06135749],[-0.56100052],[ 0.],[ 0.]
[-0.06277666],[-0.56126159],[ 0.],[ 0.]
[-0.06425618],[-0.56143713],[ 0.],[ 0.]
[-0.06577906],[-0.56161781],[ 0.],[ 0.]
[-0.06734211],[-0.56180326],[ 0.],[ 0.]
[-0.0689421],[-0.56199309],[ -2.46519033e-32],[ 0.]
[-0.07057582],[-0.56218693],[ 0.],[ 0.]
[-0.07224006],[-0.56238438],[ 0.],[ 0.]
[-0.07393161],[-0.56258508],[ 0.],[ 0.]
[-0.07564725],[-0.56278863],[ 0.],[ 0.]
[-0.07738378],[-0.56299466],[ 0.],[ 0.]
[-0.07913797],[-0.56320279],[ 0.],[ 0.]
[-0.08090662],[-0.56341264],[ 0.],[ 0.]
[-0.08268652],[-0.56362381],[ 0.],[ 0.]
[-0.08447445],[-0.56383594],[ -2.46519033e-32],[ 0.]
[-0.08626719],[-0.56404864],[ 0.],[ 0.]
[-0.08806155],[-0.56426154],[ 0.],[ 0.]
[-0.08985429],[-0.56447424],[ 0.],[ 0.]
[-0.09164222],[-0.56468637],[ 0.],[ 0.]
[-0.09342211],[-0.56489754],[ 0.],[ 0.]
[-0.09519077],[-0.56510739],[ 0.],[ 0.]
[-0.09694496],[-0.56531552],[ 0.],[ 0.]
[-0.09868149],[-0.56552155],[ 0.],[ 0.]
[-0.10039713],[-0.5657251],[ 0.],[ 0.]
[-0.10208868],[-0.5659258],[ 0.],[ 0.]
[-0.10375292],[-0.56612325],[ 0.],[ 0.]
[-0.10538664],[-0.56631708],[ 0.],[ 0.]
[-0.10698663],[-0.56650692],[ 0.],[ 0.]
[-0.10854968],[-0.56669237],[ 0.],[ 0.]
[-0.11007257],[-0.56687305],[ 0.],[ 0.]
[-0.11155208],[-0.56704859],[ 0.],[ 0.]
[-0.11298502],[-0.5672186],[ 0.],[ 0.]
[-0.11436816],[-0.5673827],[ 0.],[ 0.]
[-0.11578579],[-0.56743933],[ 0.],[ 0.]
[-0.11718088],[-0.56749505],[ 0.],[ 0.]
[-0.11855511],[-0.56754994],[ 0.],[ 0.]
[-0.11991014],[-0.56760406],[ 0.],[ 0.]
[-0.12124764],[-0.56765749],[ 0.],[ 0.]
[-0.12256928],[-0.56771028],[ 0.],[ 0.]
[-0.12387674],[-0.5677625],[ 0.],[ 0.]
[-0.12517167],[-0.56781422],[ 0.],[ 0.]
[-0.12645575],[-0.56786551],[ 0.],[ 0.]
[-0.12773066],[-0.56791644],[ 0.],[ 0.]
[-0.12899805],[-0.56796706],[ 0.],[ 0.]
[-0.1302596],[-0.56801745],[ 0.],[ 0.]
[-0.13151697],[-0.56806767],[ 0.],[ 0.]
[-0.13277184],[-0.56811779],[ 0.],[ 0.]
[-0.13402588],[-0.56816788],[ 0.],[ 0.]
[-0.13528075],[-0.56821801],[ 0.],[ 0.]
[-0.13653812],[-0.56826823],[ 0.],[ 0.]
[-0.13779967],[-0.56831862],[ 0.],[ 0.]
[-0.13906706],[-0.56836924],[ 0.],[ 0.]
[-0.14034196],[-0.56842016],[ 0.],[ 0.]
[-0.14162605],[-0.56847145],[ 0.],[ 0.]
[-0.14292098],[-0.56852318],[ 0.],[ 0.]
[-0.14422843],[-0.5685754],[ 0.],[ 0.]
[-0.14555008],[-0.56862819],[ 0.],[ 0.]
[-0.14688758],[-0.56868161],[ 0.],[ 0.]
[-0.14824261],[-0.56873574],[ 0.],[ 0.]
[-0.14961684],[-0.56879063],[  2.46519033e-32],[ 0.]
[-0.15101193],[-0.56884635],[ 0.],[ 0.]
[-0.15242956],[-0.56890297],[ 0.],[ 0.]
[-0.15387139],[-0.56896057],[ 0.],[ 0.]
[-0.1553391],[-0.56901919],[ 0.],[ 0.]
[-0.15670345],[-0.56895829],[ 0.],[ 0.]
[-0.15799592],[-0.5689006],[ 0.],[ 0.]
[-0.15922185],[-0.56884588],[ 0.],[ 0.]
[-0.16038654],[-0.56879389],[ 0.],[ 0.]
[-0.16149534],[-0.5687444],[ 0.],[ 0.]
[-0.16255355],[-0.56869716],[ 0.],[ 0.]
[-0.16356651],[-0.56865195],[ 0.],[ 0.]
[-0.16453954],[-0.56860852],[  2.46519033e-32],[ 0.]
[-0.16547796],[-0.56856663],[ 0.],[ 0.]
[-0.1663871],[-0.56852605],[ 0.],[ 0.]
[-0.16727228],[-0.56848654],[ 0.],[ 0.]
[-0.16813883],[-0.56844786],[ -2.46519033e-32],[ 0.]
[-0.16899206],[-0.56840977],[ 0.],[ 0.]
[-0.16983731],[-0.56837204],[ 0.],[ 0.]
[-0.1706799],[-0.56833443],[ 0.],[ 0.]
[-0.17152515],[-0.5682967],[ -2.46519033e-32],[ 0.]
[-0.17237839],[-0.56825862],[ 0.],[ 0.]
[-0.17324493],[-0.56821994],[ 0.],[ 0.]
[-0.17413011],[-0.56818043],[ 0.],[ 0.]
[-0.17503925],[-0.56813985],[ -2.46519033e-32],[ 0.]
[-0.17597767],[-0.56809796],[ 0.],[ 0.]
[-0.1769507],[-0.56805453],[ 0.],[ 0.]
[-0.17796366],[-0.56800931],[ 0.],[ 0.]
[-0.17902187],[-0.56796208],[ 0.],[ 0.]
[-0.18013067],[-0.56791259],[ 0.],[ 0.]
[-0.18129536],[-0.5678606],[  2.46519033e-32],[ 0.]
[-0.18252128],[-0.56780588],[ 0.],[ 0.]
[-0.18381375],[-0.56774819],[  2.46519033e-32],[ 0.]
[-0.1851781],[-0.56768729],[ 0.],[ 0.]
[-0.18661965],[-0.56762294],[ 0.],[ 0.]
[-0.18814372],[-0.56755491],[ 0.],[ 0.]
[-0.18949967],[-0.56740233],[ 0.],[ 0.]
[-0.19078302],[-0.56725792],[ 0.],[ 0.]
[-0.19199915],[-0.56712107],[  2.46519033e-32],[ 0.]
[-0.19315343],[-0.56699118],[ 0.],[ 0.]
[-0.19425124],[-0.56686764],[ 0.],[ 0.]
[-0.19529796],[-0.56674985],[ 0.],[ 0.]
[-0.19629897],[-0.56663721],[ 0.],[ 0.]
[-0.19725964],[-0.56652911],[ -2.46519033e-32],[ 0.]
[-0.19818536],[-0.56642494],[ 0.],[ 0.]
[-0.1990815],[-0.5663241],[ 0.],[ 0.]
[-0.19995343],[-0.56622598],[ 0.],[ 0.]
[-0.20080655],[-0.56612998],[ 0.],[ 0.]
[-0.20164622],[-0.56603549],[  2.46519033e-32],[ 0.]
[-0.20247782],[-0.56594191],[ 0.],[ 0.]
[-0.20330673],[-0.56584864],[ 0.],[ 0.]
[-0.20413834],[-0.56575506],[ 0.],[ 0.]
[-0.20497801],[-0.56566057],[ 0.],[ 0.]
[-0.20583112],[-0.56556457],[ 0.],[ 0.]
[-0.20670306],[-0.56546645],[ -2.46519033e-32],[ 0.]
[-0.2075992],[-0.56536561],[ 0.],[ 0.]
[-0.20852492],[-0.56526144],[ 0.],[ 0.]
[-0.2094856],[-0.56515334],[ 0.],[ 0.]
[-0.21048661],[-0.56504069],[ 0.],[ 0.]
[-0.21153333],[-0.56492291],[ 0.],[ 0.]
[-0.21263115],[-0.56479937],[  2.46519033e-32],[ 0.]
[-0.21378543],[-0.56466948],[ 0.],[ 0.]
[-0.21500156],[-0.56453263],[ 0.],[ 0.]
[-0.21628492],[-0.56438821],[ -2.46519033e-32],[ 0.]
[-0.21764088],[-0.56423563],[ 0.],[ 0.]
[-0.21907482],[-0.56407427],[ 0.],[ 0.]
[-0.22041801],[-0.56383754],[ 0.],[ 0.]
[-0.22168868],[-0.5636136],[ 0.],[ 0.]
[-0.22289221],[-0.56340148],[ 0.],[ 0.]
[-0.22403397],[-0.56320026],[ 0.],[ 0.]
[-0.22511932],[-0.56300897],[ 0.],[ 0.]
[-0.22615365],[-0.56282668],[ 0.],[ 0.]
[-0.22714231],[-0.56265243],[ 0.],[ 0.]
[-0.22809068],[-0.56248529],[ 0.],[ 0.]
[-0.22900414],[-0.5623243],[ 0.],[ 0.]
[-0.22988806],[-0.56216852],[ 0.],[ 0.]
[-0.2307478],[-0.56201699],[ 0.],[ 0.]
[-0.23158874],[-0.56186878],[ 0.],[ 0.]
[-0.23241626],[-0.56172294],[ 0.],[ 0.]
[-0.23323571],[-0.56157852],[ 0.],[ 0.]
[-0.23405248],[-0.56143457],[ 0.],[ 0.]
[-0.23487194],[-0.56129014],[ 0.],[ 0.]
[-0.23569945],[-0.5611443],[ 0.],[ 0.]
[-0.23654039],[-0.56099609],[ 0.],[ 0.]
[-0.23740013],[-0.56084457],[ 0.],[ 0.]
[-0.23828405],[-0.56068878],[ 0.],[ 0.]
[-0.23919751],[-0.56052779],[ 0.],[ 0.]
[-0.24014588],[-0.56036065],[ 0.],[ 0.]
[-0.24113454],[-0.56018641],[ 0.],[ 0.]
[-0.24216887],[-0.56000411],[ 0.],[ 0.]
[-0.24325422],[-0.55981283],[ 0.],[ 0.]
[-0.24439597],[-0.5596116],[ 0.],[ 0.]
[-0.2455995],[-0.55939949],[ 0.],[ 0.]
[-0.24687017],[-0.55917554],[ 0.],[ 0.]
[-0.24821337],[-0.55893881],[ 0.],[ 0.]
[-0.24963445],[-0.55868836],[ 0.],[ 0.]
[-0.25113879],[-0.55842323],[ 0.],[ 0.]
[-0.25246811],[-0.55810929],[ 0.],[ 0.]
[-0.25372757],[-0.55781184],[  2.46519033e-32],[ 0.]
[-0.25492235],[-0.55752967],[ 0.],[ 0.]
[-0.25605763],[-0.55726155],[ 0.],[ 0.]
[-0.25713857],[-0.55700627],[ 0.],[ 0.]
[-0.25817035],[-0.55676259],[ 0.],[ 0.]
[-0.25915815],[-0.5565293],[ 0.],[ 0.]
[-0.26010714],[-0.55630518],[ 0.],[ 0.]
[-0.26102249],[-0.556089],[ 0.],[ 0.]
[-0.26190938],[-0.55587954],[ 0.],[ 0.]
[-0.26277299],[-0.55567558],[ 0.],[ 0.]
[-0.26361849],[-0.5554759],[ -2.46519033e-32],[ 0.]
[-0.26445105],[-0.55527928],[ 0.],[ 0.]
[-0.26527585],[-0.55508449],[ 0.],[ 0.]
[-0.26609806],[-0.5548903],[ 0.],[ 0.]
[-0.26692286],[-0.55469551],[ 0.],[ 0.]
[-0.26775542],[-0.55449889],[  2.46519033e-32],[ 0.]
[-0.26860092],[-0.55429921],[ 0.],[ 0.]
[-0.26946453],[-0.55409525],[ 0.],[ 0.]
[-0.27035142],[-0.55388579],[ 0.],[ 0.]
[-0.27126677],[-0.55366961],[ 0.],[ 0.]
[-0.27221576],[-0.55344549],[ 0.],[ 0.]
[-0.27320356],[-0.5532122],[ 0.],[ 0.]
[-0.27423534],[-0.55296853],[ 0.],[ 0.]
[-0.27531628],[-0.55271324],[ 0.],[ 0.]
[-0.27645155],[-0.55244512],[ 0.],[ 0.]
[-0.27764633],[-0.55216295],[  1.23259516e-32],[ 0.]
[-0.27890579],[-0.55186551],[ -1.23259516e-32],[ 0.]
[-0.28023511],[-0.55155156],[ 0.],[ 0.]
[-0.28163946],[-0.5512199],[ 0.],[ 0.]
[-0.28312402],[-0.55086929],[ 0.],[ 0.]
[-0.28442646],[-0.55047032],[ 0.],[ 0.]
[-0.28565697],[-0.55009338],[  1.23259516e-32],[ 0.]
[-0.28682087],[-0.54973685],[  1.23259516e-32],[ 0.]
[-0.2879235],[-0.54939909],[ -1.23259516e-32],[ 0.]
[-0.28897018],[-0.54907846],[ 0.],[ 0.]
[-0.28996624],[-0.54877334],[ -1.23259516e-32],[ 0.]
[-0.29091701],[-0.5484821],[ 0.],[ 0.]
[-0.29182782],[-0.5482031],[ 0.],[ 0.]
[-0.292704],[-0.5479347],[ -1.23259516e-32],[ 0.]
[-0.29355086],[-0.54767529],[ -1.23259516e-32],[ 0.]
[-0.29437375],[-0.54742321],[ 0.],[ 0.]
[-0.29517799],[-0.54717685],[ 0.],[ 0.]
[-0.29596891],[-0.54693458],[  1.23259516e-32],[ 0.]
[-0.29675184],[-0.54669475],[ 0.],[ 0.]
[-0.2975321],[-0.54645573],[  1.23259516e-32],[ 0.]
[-0.29831503],[-0.5462159],[ -1.23259516e-32],[ 0.]
[-0.29910595],[-0.54597362],[  1.23259516e-32],[ 0.]
[-0.29991019],[-0.54572726],[ 0.],[ 0.]
[-0.30073308],[-0.54547519],[ 0.],[ 0.]
[-0.30157995],[-0.54521577],[ 0.],[ 0.]
[-0.30245612],[-0.54494738],[ 0.],[ 0.]
[-0.30336693],[-0.54466838],[  1.23259516e-32],[ 0.]
[-0.3043177],[-0.54437713],[ 0.],[ 0.]
[-0.30531376],[-0.54407201],[ 0.],[ 0.]
[-0.30636044],[-0.54375139],[  1.23259516e-32],[ 0.]
[-0.30746306],[-0.54341363],[  1.23259516e-32],[ 0.]
[-0.30862697],[-0.54305709],[ 0.],[ 0.]
[-0.30985747],[-0.54268016],[  1.23259516e-32],[ 0.]
[-0.31115992],[-0.54228119],[ 0.],[ 0.]
[-0.31253962],[-0.54185855],[ 0.],[ 0.]
[-0.31400191],[-0.54141061],[ 0.],[ 0.]
[-0.31523616],[-0.54092782],[  1.23259516e-32],[ 0.]
[-0.31636839],[-0.54048494],[ -1.23259516e-32],[ 0.]
[-0.31740615],[-0.540079],[ 0.],[ 0.]
[-0.318357],[-0.53970706],[ 0.],[ 0.]
[-0.31922851],[-0.53936616],[  1.23259516e-32],[ 0.]
[-0.32002821],[-0.53905335],[ -1.23259516e-32],[ 0.]
[-0.32076368],[-0.53876566],[  1.23259516e-32],[ 0.]
[-0.32144247],[-0.53850014],[  1.23259516e-32],[ 0.]
[-0.32207214],[-0.53825384],[ 0.],[ 0.]
[-0.32266024],[-0.5380238],[ 0.],[ 0.]
[-0.32321434],[-0.53780706],[ 0.],[ 0.]
[-0.32374198],[-0.53760066],[ -1.23259516e-32],[ 0.]
[-0.32425074],[-0.53740166],[ 0.],[ 0.]
[-0.32474815],[-0.53720709],[  1.23259516e-32],[ 0.]
[-0.32524179],[-0.53701399],[  1.23259516e-32],[ 0.]
[-0.3257392],[-0.53681942],[  1.23259516e-32],[ 0.]
[-0.32624795],[-0.53662042],[ 0.],[ 0.]
[-0.3267756],[-0.53641403],[ 0.],[ 0.]
[-0.32732969],[-0.53619728],[ 0.],[ 0.]
[-0.32791779],[-0.53596724],[ 0.],[ 0.]
[-0.32854746],[-0.53572094],[ 0.],[ 0.]
[-0.32922625],[-0.53545542],[ 0.],[ 0.]
[-0.32996172],[-0.53516773],[ 0.],[ 0.]
[-0.33076142],[-0.53485492],[ -1.23259516e-32],[ 0.]
[-0.33163292],[-0.53451402],[  1.23259516e-32],[ 0.]
[-0.33258378],[-0.53414208],[ -1.23259516e-32],[ 0.]
[-0.33362154],[-0.53373615],[ -1.23259516e-32],[ 0.]
[-0.33475376],[-0.53329326],[  1.23259516e-32],[ 0.]
[-0.33598801],[-0.53281047],[  1.23259516e-32],[ 0.]
[-0.33733184],[-0.53228482],[  1.23259516e-32],[ 0.]
[-0.33879281],[-0.53171334],[ -1.23259516e-32],[ 0.]
